
{
    "region" : "us-east-1",
    "configuration" : "Release",
    "framework"     : "net6.0",
    "self-contained" : false,
    "application"    : "Q2BankAPI2",
    "environment"    : "Q2BankAPI2-dev",
    "enable-xray"    : false,
    "enhanced-health-type" : "basic",
    "additional-options"   : "\"aws:autoscaling:launchconfiguration,SecurityGroups\"=\"sg-0bb4d6ed23f8e1490,sg-05f7d48a3e68c158a\";\"aws:ec2:vpc,Subnets\"=\"subnet-0cf47146ffb1210d4\";\"aws:ec2:vpc,ELBSubnets\"=\"subnet-0cf47146ffb1210d4,subnet-0426dd79127ef4a17,subnet-0e499aafd4ad8c2f5,subnet-0bbe7b6df02db792e,subnet-017d0816e5dc804a9,subnet-05b399418c77ad1a9\"",
    "solution-stack"       : "64bit Amazon Linux 2 v2.4.3 running .NET Core",
    "environment-type"     : "LoadBalanced",
    "loadbalancer-type"    : "application",
    "cname"                : "q2bankapi2-dev",
    "instance-type"        : "t1.micro",
    "key-pair"             : "AutoParkEC2",
    "health-check-url"     : "/",
    "instance-profile"     : "aws-elasticbeanstalk-ec2-role",
    "service-role"         : "aws-elasticbeanstalk-service-role",
    "proxy-server"         : "nginx"
}